{"stats":{"minecraft:used":{"minecraft:stone_sword":58,"minecraft:stone_pickaxe":41,"minecraft:chest":1,"minecraft:wooden_pickaxe":10,"minecraft:cooked_salmon":3,"minecraft:torch":3,"minecraft:cobblestone":3,"minecraft:crafting_table":1,"minecraft:furnace":2,"minecraft:cod":3},"minecraft:mined":{"minecraft:andesite":5,"gravestone:gravestone":1,"minecraft:grass_block":3,"minecraft:oak_log":38,"minecraft:dirt":9,"minecraft:cobblestone":2,"minecraft:stone":44,"minecraft:oak_leaves":4,"minecraft:wall_torch":2},"minecraft:dropped":{"minecraft:rotten_flesh":1,"gravestone:obituary":1},"minecraft:custom":{"minecraft:time_since_rest":1489,"minecraft:interact_with_furnace":16,"minecraft:sprint_one_cm":32949,"minecraft:damage_taken":535,"minecraft:walk_one_cm":89165,"minecraft:mob_kills":21,"minecraft:drop":2,"minecraft:damage_dealt":2279,"minecraft:swim_one_cm":35116,"minecraft:interact_with_crafting_table":8,"minecraft:fly_one_cm":46648,"minecraft:open_chest":6,"minecraft:crouch_one_cm":1655,"minecraft:play_time":112241,"minecraft:deaths":1,"minecraft:sneak_time":1246,"minecraft:walk_under_water_one_cm":26101,"minecraft:jump":237,"minecraft:leave_game":6,"minecraft:time_since_death":1459,"minecraft:walk_on_water_one_cm":10111,"minecraft:total_world_time":112241,"minecraft:fall_one_cm":2889},"minecraft:picked_up":{"minecraft:stick":2,"minecraft:salmon":8,"minecraft:andesite":5,"minecraft:torch":2,"minecraft:oak_log":38,"minecraft:dirt":12,"minecraft:rotten_flesh":12,"minecraft:oak_sapling":1,"minecraft:cod":3,"minecraft:cobblestone":46},"minecraft:killed":{"minecraft:zombie":8,"minecraft:salmon":8,"minecraft:drowned":2,"minecraft:cod":3},"minecraft:crafted":{"minecraft:oak_planks":108,"minecraft:charcoal":10,"minecraft:crafting_table":1,"minecraft:stick":4,"minecraft:wooden_pickaxe":1,"minecraft:stone_pickaxe":1,"minecraft:stone_sword":1,"minecraft:chest":1,"minecraft:furnace":2,"minecraft:cooked_salmon":8,"minecraft:torch":4,"minecraft:air":0}},"DataVersion":3465}