{"stats":{"minecraft:used":{"minecraft:stone_sword":22,"minecraft:stone_pickaxe":26,"minecraft:chest":1,"minecraft:wooden_pickaxe":10,"minecraft:crafting_table":1,"minecraft:cod":3},"minecraft:custom":{"minecraft:time_since_rest":18718,"minecraft:sprint_one_cm":20142,"minecraft:damage_taken":85,"minecraft:walk_one_cm":31416,"minecraft:mob_kills":12,"minecraft:damage_dealt":790,"minecraft:swim_one_cm":35116,"minecraft:interact_with_crafting_table":4,"minecraft:fly_one_cm":30822,"minecraft:open_chest":4,"minecraft:crouch_one_cm":755,"minecraft:play_time":18718,"minecraft:sneak_time":874,"minecraft:walk_under_water_one_cm":22537,"minecraft:jump":139,"minecraft:leave_game":2,"minecraft:walk_on_water_one_cm":9661,"minecraft:time_since_death":18718,"minecraft:total_world_time":18718,"minecraft:fall_one_cm":2142},"minecraft:mined":{"minecraft:andesite":5,"minecraft:grass_block":3,"minecraft:oak_log":33,"minecraft:dirt":9,"minecraft:stone":31,"minecraft:oak_leaves":4},"minecraft:picked_up":{"minecraft:stick":2,"minecraft:andesite":5,"minecraft:salmon":7,"minecraft:oak_log":32,"minecraft:dirt":12,"minecraft:rotten_flesh":1,"minecraft:oak_sapling":1,"minecraft:cod":3,"minecraft:cobblestone":31},"minecraft:killed":{"minecraft:salmon":7,"minecraft:drowned":2,"minecraft:cod":3},"minecraft:crafted":{"minecraft:oak_planks":108,"minecraft:crafting_table":1,"minecraft:stick":4,"minecraft:wooden_pickaxe":1,"minecraft:stone_pickaxe":1,"minecraft:stone_sword":1,"minecraft:chest":1}},"DataVersion":3465}