{"stats":{"minecraft:used":{"minecraft:stone_sword":23,"minecraft:stone_pickaxe":34,"minecraft:chest":1,"minecraft:wooden_pickaxe":10,"minecraft:cooked_salmon":2,"minecraft:torch":1,"minecraft:cobblestone":2,"minecraft:crafting_table":1,"minecraft:furnace":2,"minecraft:cod":3},"minecraft:mined":{"minecraft:andesite":5,"minecraft:grass_block":3,"minecraft:oak_log":38,"minecraft:dirt":9,"minecraft:cobblestone":1,"minecraft:stone":38,"minecraft:oak_leaves":4},"minecraft:dropped":{"minecraft:rotten_flesh":1},"minecraft:custom":{"minecraft:time_since_rest":59354,"minecraft:interact_with_furnace":14,"minecraft:sprint_one_cm":30470,"minecraft:damage_taken":85,"minecraft:walk_one_cm":66551,"minecraft:mob_kills":13,"minecraft:drop":1,"minecraft:damage_dealt":820,"minecraft:swim_one_cm":35116,"minecraft:interact_with_crafting_table":8,"minecraft:fly_one_cm":44297,"minecraft:open_chest":6,"minecraft:crouch_one_cm":1576,"minecraft:play_time":59354,"minecraft:sneak_time":1230,"minecraft:walk_under_water_one_cm":26101,"minecraft:jump":215,"minecraft:leave_game":5,"minecraft:time_since_death":59354,"minecraft:walk_on_water_one_cm":10066,"minecraft:total_world_time":59354,"minecraft:fall_one_cm":2889},"minecraft:picked_up":{"minecraft:stick":2,"minecraft:salmon":8,"minecraft:andesite":5,"minecraft:oak_log":38,"minecraft:dirt":12,"minecraft:rotten_flesh":1,"minecraft:oak_sapling":1,"minecraft:cod":3,"minecraft:cobblestone":39},"minecraft:killed":{"minecraft:salmon":8,"minecraft:drowned":2,"minecraft:cod":3},"minecraft:crafted":{"minecraft:oak_planks":108,"minecraft:charcoal":10,"minecraft:crafting_table":1,"minecraft:stick":4,"minecraft:wooden_pickaxe":1,"minecraft:stone_pickaxe":1,"minecraft:stone_sword":1,"minecraft:chest":1,"minecraft:furnace":2,"minecraft:cooked_salmon":8,"minecraft:torch":4,"minecraft:air":0}},"DataVersion":3465}