{"stats":{"minecraft:used":{"minecraft:stone_sword":83,"minecraft:stone_pickaxe":42,"minecraft:chest":1,"minecraft:wooden_pickaxe":10,"minecraft:cooked_salmon":4,"minecraft:torch":4,"minecraft:cobblestone":4,"minecraft:crafting_table":1,"minecraft:furnace":2,"minecraft:cod":3},"minecraft:mined":{"minecraft:andesite":5,"minecraft:grass":1,"gravestone:gravestone":3,"minecraft:grass_block":3,"minecraft:oak_log":38,"minecraft:dirt":9,"minecraft:cobblestone":3,"minecraft:stone":44,"minecraft:oak_leaves":4,"minecraft:wall_torch":2},"minecraft:dropped":{"minecraft:rotten_flesh":1,"gravestone:obituary":1},"minecraft:custom":{"minecraft:time_since_rest":3308,"minecraft:interact_with_furnace":18,"minecraft:sprint_one_cm":45107,"minecraft:damage_taken":1480,"minecraft:walk_one_cm":103151,"minecraft:mob_kills":28,"minecraft:drop":2,"minecraft:damage_dealt":3308,"minecraft:swim_one_cm":35116,"minecraft:interact_with_crafting_table":8,"minecraft:fly_one_cm":59211,"minecraft:open_chest":7,"minecraft:crouch_one_cm":1655,"minecraft:play_time":117972,"minecraft:deaths":3,"minecraft:sneak_time":1248,"minecraft:walk_under_water_one_cm":26101,"minecraft:jump":286,"minecraft:leave_game":6,"minecraft:time_since_death":3282,"minecraft:walk_on_water_one_cm":10111,"minecraft:total_world_time":117972,"minecraft:fall_one_cm":3925},"minecraft:picked_up":{"minecraft:stick":2,"minecraft:salmon":8,"minecraft:andesite":5,"minecraft:torch":2,"minecraft:oak_log":38,"minecraft:lily_of_the_valley":1,"minecraft:spider_eye":1,"minecraft:string":1,"minecraft:dirt":12,"minecraft:rotten_flesh":15,"minecraft:oak_sapling":1,"minecraft:cod":3,"minecraft:cobblestone":47},"minecraft:killed":{"minecraft:zombie":10,"minecraft:salmon":8,"minecraft:spider":3,"minecraft:drowned":2,"minecraft:cod":3},"minecraft:crafted":{"minecraft:oak_planks":108,"minecraft:charcoal":10,"minecraft:crafting_table":1,"minecraft:stick":4,"minecraft:wooden_pickaxe":1,"minecraft:stone_pickaxe":1,"minecraft:stone_sword":1,"minecraft:chest":1,"minecraft:furnace":2,"minecraft:cooked_salmon":8,"minecraft:torch":4,"minecraft:air":0}},"DataVersion":3465}