{"stats":{"minecraft:custom":{"minecraft:jump":41,"minecraft:time_since_rest":1702,"minecraft:crouch_one_cm":65,"minecraft:leave_game":1,"minecraft:sprint_one_cm":5222,"minecraft:play_time":1702,"minecraft:walk_on_water_one_cm":119,"minecraft:time_since_death":1702,"minecraft:walk_one_cm":2271,"minecraft:sneak_time":58,"minecraft:total_world_time":1702,"minecraft:fly_one_cm":12060},"minecraft:mined":{"minecraft:sand":3},"minecraft:picked_up":{"minecraft:sand":3},"minecraft:used":{"minecraft:sand":3}},"DataVersion":3465}