{"stats":{"minecraft:used":{"minecraft:sand":3},"minecraft:picked_up":{"minecraft:sand":3},"minecraft:mined":{"minecraft:sand":3},"minecraft:custom":{"minecraft:jump":79,"minecraft:time_since_rest":2722,"minecraft:damage_taken":140,"minecraft:damage_dealt":64,"minecraft:crouch_one_cm":65,"minecraft:leave_game":2,"minecraft:play_time":2722,"minecraft:sprint_one_cm":10868,"minecraft:time_since_death":2722,"minecraft:walk_on_water_one_cm":151,"minecraft:walk_one_cm":5396,"minecraft:sneak_time":58,"minecraft:total_world_time":2722,"minecraft:mob_kills":1,"minecraft:fall_one_cm":418,"minecraft:fly_one_cm":24326}},"DataVersion":3465}